<?xml version="1.0" encoding="UTF-8"?>

<container xmlns="http://www.symfony-project.org/schema/dic/services"
 xmlns:xsi="http://www.w3.org/2001/XMLSchema-instance"
 xsi:schemaLocation="http://www.symfony-project.org/schema/dic/services http://www.symfony-project.org/schema/dic/services/services-1.0.xsd">
    <parameters>
        <parameter key="livechat.cache_engine">apc</parameter>
        <parameter key="livechat.cache.manager.class">ServerGrove\SGLiveChatBundle\Cache\Manager</parameter>
        <parameter key="livechat.cache.engine.apc.class">ServerGrove\SGLiveChatBundle\Cache\Engine\Apc</parameter>
        <parameter key="livechat.cache.engine.mongo.class">ServerGrove\SGLiveChatBundle\Cache\Engine\Mongo</parameter>
    </parameters>
    
    <services>
        <!-- User Repository Service -->
        <service id="livechat.cache.manager" class="%livechat.cache.manager.class%">
          <argument type="service" id="livechat.cache.default_engine" />
        </service>
        <service id="livechat.cache.default_engine" alias="livechat.cache.engine.mongo" public="false"></service>
        <service id="livechat.cache.engine.apc" class="%livechat.cache.engine.apc.class%"></service>
        <service id="livechat.cache.engine.mongo" class="%livechat.cache.engine.mongo.class%">
          <argument type="service" id="doctrine.odm.mongodb.default_document_manager" />
        </service>
    </services>
    
</container>
